<?xml version="1.0"?>
<!--
	The version attribute of the iap application configuration file can be a
	special string 'CONTAINER' that allows the container to manage and apply
	correct version numbering to the application. Each container can handle
	this differently, but the version numbering must be accurately preserved
	across long periods of time to account for browser caches.
-->
<!-- Copyright (c) 2005, Inversoft, All Rights Reserved -->
<iap name="ApplicationName" version="1.0" xmlns:xsi="http://www.w3.org/2001/XMLSchema-instance" xsi:noNamespaceSchemaLocation="../../xsd/main/iap-config-1.0.xsd">
	<!-- One authenticate handler per application -->
	<authenticate-user-handler name="authUser" classname="com.inversoft.examples.MyAuthenticateHandler" pre-start="true">
		<parameter name="param1">value1</parameter>
		<parameter name="param2">value2</parameter>
	</authenticate-user-handler>
	<!-- One close handler per application -->
	<close-application-handler name="closeApp" classname="com.inversoft.examples.MyCloseApplicationHandler">
		<parameter name="param1">value1</parameter>
		<parameter name="param2">value2</parameter>
	</close-application-handler>
	<!-- One data handlers per application -->
	<fetch-data-handler name="fetchData" classname="com.inversoft.examples.MyFetchDataHandler">
		<parameter name="param1">value1</parameter>
		<parameter name="param2">value2</parameter>
	</fetch-data-handler>
	<!-- Unlimited module handlers per application -->
	<fetch-module-handler name="fetchModule1" module="module.*" classname="com.inversoft.examples.MyFetchModuleHandler">
		<parameter name="param1">value1</parameter>
		<parameter name="param2">value2</parameter>
	</fetch-module-handler>
	<fetch-module-handler name="fetchModule2" module="module.*" classname="com.inversoft.examples.MyFetchModuleHandler">
		<parameter name="param1">value1</parameter>
		<parameter name="param2">value2</parameter>
	</fetch-module-handler>
	<!-- Unlimited generix handlers per application -->
	<generic-handler name="genericHandler1" classname="com.inversoft.examples.MyGenericHandler">
		<parameter name="param1">value1</parameter>
		<parameter name="param2">value2</parameter>
	</generic-handler>
	<generic-handler name="genericHandler1" classname="com.inversoft.examples.MyGenericHandler2">
		<parameter name="param1">value1</parameter>
		<parameter name="param2">value2</parameter>
	</generic-handler>
	<!-- One open handler per application -->
	<open-application-handler name="openApp" classname="com.inversoft.examples.MyOpenApplicationHandler" pre-start="true">
		<parameter name="param1">value1</parameter>
		<parameter name="param2">value2</parameter>
	</open-application-handler>
	<!-- Unlimited view handlers per application -->
	<open-view-handler name="viewHandler1" view="view.*" classname="com.inversoft.examples.MyOpenViewHandler">
		<parameter name="param1">value1</parameter>
		<parameter name="param2">value2</parameter>
	</open-view-handler>
	<open-view-handler name="viewHandler2" view="view.*" classname="com.inversoft.examples.MyOpenViewHandler">
		<parameter name="param1">value1</parameter>
		<parameter name="param2">value2</parameter>
	</open-view-handler>
	<!-- Unlimited action handlers per application -->
	<perform-action-handler name="actionHandler1" view="view.*" action="submit" classname="com.inversoft.examples.MyPerformActionHandler">
		<parameter name="param1">value1</parameter>
		<parameter name="param2">value2</parameter>
	</perform-action-handler>
	<perform-action-handler name="actionHandler2" view="view.*" action="submit" classname="com.inversoft.examples.MyPerformActionHandler">
		<parameter name="param1">value1</parameter>
		<parameter name="param2">value2</parameter>
	</perform-action-handler>
	<!-- One reconnect session handler per application -->
	<reconnect-session-handler name="reconnectSession" classname="com.inversoft.examples.MyReconnectSessionHandler" pre-start="true">
		<parameter name="param1">value1</parameter>
		<parameter name="param2">value2</parameter>
	</reconnect-session-handler>
	<welcome-view>
		<viewId>viewId</viewId>
	</welcome-view>
	<session>
		<defaultDuration>1</defaultDuration>
	</session>
</iap>
